model,layer,heldout_auc,selected
EleutherAI_pythia-6.9b,0,0.5458,0
EleutherAI_pythia-6.9b,1,0.6327,0
EleutherAI_pythia-6.9b,2,0.635,0
EleutherAI_pythia-6.9b,3,0.6924,0
EleutherAI_pythia-6.9b,4,0.7484,0
EleutherAI_pythia-6.9b,5,0.7785,0
EleutherAI_pythia-6.9b,6,0.8003,0
EleutherAI_pythia-6.9b,7,0.8246,0
EleutherAI_pythia-6.9b,8,0.8485,0
EleutherAI_pythia-6.9b,9,0.8578,0
EleutherAI_pythia-6.9b,10,0.8605,0
EleutherAI_pythia-6.9b,11,0.8645,0
EleutherAI_pythia-6.9b,12,0.8682,0
EleutherAI_pythia-6.9b,13,0.8724,0
EleutherAI_pythia-6.9b,14,0.8691,0
EleutherAI_pythia-6.9b,15,0.8736,0
EleutherAI_pythia-6.9b,16,0.8742,0
EleutherAI_pythia-6.9b,17,0.8749,0
EleutherAI_pythia-6.9b,18,0.8756,0
EleutherAI_pythia-6.9b,19,0.8798,0
EleutherAI_pythia-6.9b,20,0.8804,0
EleutherAI_pythia-6.9b,21,0.8824,0
EleutherAI_pythia-6.9b,22,0.883,0
EleutherAI_pythia-6.9b,23,0.885,0
EleutherAI_pythia-6.9b,24,0.8855,0
EleutherAI_pythia-6.9b,25,0.8855,0
EleutherAI_pythia-6.9b,26,0.8865,0
EleutherAI_pythia-6.9b,27,0.8866,0
EleutherAI_pythia-6.9b,28,0.8867,1
EleutherAI_pythia-6.9b,29,0.8851,0
EleutherAI_pythia-6.9b,30,0.8838,0
EleutherAI_pythia-6.9b,31,0.8818,0
EleutherAI_pythia-6.9b,32,0.8773,0
Qwen_Qwen2.5-1.5B,0,0.5344,0
Qwen_Qwen2.5-1.5B,1,0.6433,0
Qwen_Qwen2.5-1.5B,2,0.6554,0
Qwen_Qwen2.5-1.5B,3,0.6994,0
Qwen_Qwen2.5-1.5B,4,0.7242,0
Qwen_Qwen2.5-1.5B,5,0.7547,0
Qwen_Qwen2.5-1.5B,6,0.7904,0
Qwen_Qwen2.5-1.5B,7,0.7797,0
Qwen_Qwen2.5-1.5B,8,0.8067,0
Qwen_Qwen2.5-1.5B,9,0.8108,0
Qwen_Qwen2.5-1.5B,10,0.8367,0
Qwen_Qwen2.5-1.5B,11,0.8372,0
Qwen_Qwen2.5-1.5B,12,0.8401,0
Qwen_Qwen2.5-1.5B,13,0.8386,0
Qwen_Qwen2.5-1.5B,14,0.844,0
Qwen_Qwen2.5-1.5B,15,0.8452,0
Qwen_Qwen2.5-1.5B,16,0.8465,0
Qwen_Qwen2.5-1.5B,17,0.8411,0
Qwen_Qwen2.5-1.5B,18,0.8371,0
Qwen_Qwen2.5-1.5B,19,0.8382,0
Qwen_Qwen2.5-1.5B,20,0.8504,0
Qwen_Qwen2.5-1.5B,21,0.8557,0
Qwen_Qwen2.5-1.5B,22,0.855,0
Qwen_Qwen2.5-1.5B,23,0.8619,0
Qwen_Qwen2.5-1.5B,24,0.8649,0
Qwen_Qwen2.5-1.5B,25,0.8744,1
Qwen_Qwen2.5-1.5B,26,0.8741,0
Qwen_Qwen2.5-1.5B,27,0.8709,0
Qwen_Qwen2.5-1.5B,28,0.8358,0
google_gemma-3-1b-it,0,0.6126,0
google_gemma-3-1b-it,1,0.6163,0
google_gemma-3-1b-it,2,0.6199,0
google_gemma-3-1b-it,3,0.6142,0
google_gemma-3-1b-it,4,0.6135,0
google_gemma-3-1b-it,5,0.7086,0
google_gemma-3-1b-it,6,0.7198,0
google_gemma-3-1b-it,7,0.743,0
google_gemma-3-1b-it,8,0.7616,0
google_gemma-3-1b-it,9,0.7766,0
google_gemma-3-1b-it,10,0.8134,0
google_gemma-3-1b-it,11,0.8214,0
google_gemma-3-1b-it,12,0.827,0
google_gemma-3-1b-it,13,0.8524,0
google_gemma-3-1b-it,14,0.8578,0
google_gemma-3-1b-it,15,0.8575,0
google_gemma-3-1b-it,16,0.8642,0
google_gemma-3-1b-it,17,0.8695,1
google_gemma-3-1b-it,18,0.8576,0
google_gemma-3-1b-it,19,0.8663,0
google_gemma-3-1b-it,20,0.8649,0
google_gemma-3-1b-it,21,0.8583,0
google_gemma-3-1b-it,22,0.8583,0
google_gemma-3-1b-it,23,0.8611,0
google_gemma-3-1b-it,24,0.8672,0
google_gemma-3-1b-it,25,0.8658,0
google_gemma-3-1b-it,26,0.8512,0
google_gemma-3-1b-pt,0,0.6277,0
google_gemma-3-1b-pt,1,0.6515,0
google_gemma-3-1b-pt,2,0.668,0
google_gemma-3-1b-pt,3,0.66,0
google_gemma-3-1b-pt,4,0.6513,0
google_gemma-3-1b-pt,5,0.7111,0
google_gemma-3-1b-pt,6,0.7431,0
google_gemma-3-1b-pt,7,0.758,0
google_gemma-3-1b-pt,8,0.7814,0
google_gemma-3-1b-pt,9,0.8147,0
google_gemma-3-1b-pt,10,0.8278,0
google_gemma-3-1b-pt,11,0.8374,0
google_gemma-3-1b-pt,12,0.8484,0
google_gemma-3-1b-pt,13,0.8434,0
google_gemma-3-1b-pt,14,0.862,0
google_gemma-3-1b-pt,15,0.8522,0
google_gemma-3-1b-pt,16,0.8794,0
google_gemma-3-1b-pt,17,0.8723,0
google_gemma-3-1b-pt,18,0.8645,0
google_gemma-3-1b-pt,19,0.8675,0
google_gemma-3-1b-pt,20,0.8658,0
google_gemma-3-1b-pt,21,0.8714,0
google_gemma-3-1b-pt,22,0.879,0
google_gemma-3-1b-pt,23,0.8835,0
google_gemma-3-1b-pt,24,0.8843,0
google_gemma-3-1b-pt,25,0.8871,1
google_gemma-3-1b-pt,26,0.885,0
meta-llama_Meta-Llama-3-8B,0,0.598,0
meta-llama_Meta-Llama-3-8B,1,0.6627,0
meta-llama_Meta-Llama-3-8B,2,0.7348,0
meta-llama_Meta-Llama-3-8B,3,0.7744,0
meta-llama_Meta-Llama-3-8B,4,0.835,0
meta-llama_Meta-Llama-3-8B,5,0.8591,0
meta-llama_Meta-Llama-3-8B,6,0.8578,0
meta-llama_Meta-Llama-3-8B,7,0.8728,0
meta-llama_Meta-Llama-3-8B,8,0.8755,0
meta-llama_Meta-Llama-3-8B,9,0.8739,0
meta-llama_Meta-Llama-3-8B,10,0.8785,0
meta-llama_Meta-Llama-3-8B,11,0.8773,0
meta-llama_Meta-Llama-3-8B,12,0.8641,0
meta-llama_Meta-Llama-3-8B,13,0.8639,0
meta-llama_Meta-Llama-3-8B,14,0.8721,0
meta-llama_Meta-Llama-3-8B,15,0.8656,0
meta-llama_Meta-Llama-3-8B,16,0.8678,0
meta-llama_Meta-Llama-3-8B,17,0.8702,0
meta-llama_Meta-Llama-3-8B,18,0.8787,1
meta-llama_Meta-Llama-3-8B,19,0.8695,0
meta-llama_Meta-Llama-3-8B,20,0.8719,0
meta-llama_Meta-Llama-3-8B,21,0.8748,0
meta-llama_Meta-Llama-3-8B,22,0.8726,0
meta-llama_Meta-Llama-3-8B,23,0.8706,0
meta-llama_Meta-Llama-3-8B,24,0.8713,0
meta-llama_Meta-Llama-3-8B,25,0.8639,0
meta-llama_Meta-Llama-3-8B,26,0.8635,0
meta-llama_Meta-Llama-3-8B,27,0.8606,0
meta-llama_Meta-Llama-3-8B,28,0.8605,0
meta-llama_Meta-Llama-3-8B,29,0.8624,0
meta-llama_Meta-Llama-3-8B,30,0.8573,0
meta-llama_Meta-Llama-3-8B,31,0.8631,0
meta-llama_Meta-Llama-3-8B,32,0.8475,0
microsoft_phi-2,0,0.5764,0
microsoft_phi-2,1,0.6303,0
microsoft_phi-2,2,0.6664,0
microsoft_phi-2,3,0.6967,0
microsoft_phi-2,4,0.7415,0
microsoft_phi-2,5,0.7718,0
microsoft_phi-2,6,0.787,0
microsoft_phi-2,7,0.8061,0
microsoft_phi-2,8,0.8249,0
microsoft_phi-2,9,0.8353,0
microsoft_phi-2,10,0.8398,0
microsoft_phi-2,11,0.8422,0
microsoft_phi-2,12,0.847,0
microsoft_phi-2,13,0.8452,0
microsoft_phi-2,14,0.8459,0
microsoft_phi-2,15,0.8435,0
microsoft_phi-2,16,0.8474,0
microsoft_phi-2,17,0.8458,0
microsoft_phi-2,18,0.8488,0
microsoft_phi-2,19,0.8507,0
microsoft_phi-2,20,0.8492,0
microsoft_phi-2,21,0.8479,0
microsoft_phi-2,22,0.8485,0
microsoft_phi-2,23,0.8516,0
microsoft_phi-2,24,0.8567,0
microsoft_phi-2,25,0.8581,0
microsoft_phi-2,26,0.862,0
microsoft_phi-2,27,0.8631,0
microsoft_phi-2,28,0.8657,0
microsoft_phi-2,29,0.8735,0
microsoft_phi-2,30,0.8701,0
microsoft_phi-2,31,0.8629,0
microsoft_phi-2,32,0.8811,1
mistralai_Mistral-7B-v0.3,0,0.5942,0
mistralai_Mistral-7B-v0.3,1,0.6259,0
mistralai_Mistral-7B-v0.3,2,0.7062,0
mistralai_Mistral-7B-v0.3,3,0.7533,0
mistralai_Mistral-7B-v0.3,4,0.8067,0
mistralai_Mistral-7B-v0.3,5,0.8251,0
mistralai_Mistral-7B-v0.3,6,0.8434,0
mistralai_Mistral-7B-v0.3,7,0.8579,0
mistralai_Mistral-7B-v0.3,8,0.8665,0
mistralai_Mistral-7B-v0.3,9,0.868,0
mistralai_Mistral-7B-v0.3,10,0.8716,0
mistralai_Mistral-7B-v0.3,11,0.8716,0
mistralai_Mistral-7B-v0.3,12,0.8722,0
mistralai_Mistral-7B-v0.3,13,0.8725,0
mistralai_Mistral-7B-v0.3,14,0.8702,0
mistralai_Mistral-7B-v0.3,15,0.8673,0
mistralai_Mistral-7B-v0.3,16,0.8702,0
mistralai_Mistral-7B-v0.3,17,0.8747,0
mistralai_Mistral-7B-v0.3,18,0.873,0
mistralai_Mistral-7B-v0.3,19,0.8777,0
mistralai_Mistral-7B-v0.3,20,0.8754,0
mistralai_Mistral-7B-v0.3,21,0.8776,0
mistralai_Mistral-7B-v0.3,22,0.8785,0
mistralai_Mistral-7B-v0.3,23,0.8755,0
mistralai_Mistral-7B-v0.3,24,0.8789,0
mistralai_Mistral-7B-v0.3,25,0.8796,0
mistralai_Mistral-7B-v0.3,26,0.8783,0
mistralai_Mistral-7B-v0.3,27,0.8761,0
mistralai_Mistral-7B-v0.3,28,0.8751,0
mistralai_Mistral-7B-v0.3,29,0.8752,0
mistralai_Mistral-7B-v0.3,30,0.8772,0
mistralai_Mistral-7B-v0.3,31,0.8761,0
mistralai_Mistral-7B-v0.3,32,0.8841,1
state-spaces_mamba-2.8b-hf,0,0.5587,0
state-spaces_mamba-2.8b-hf,1,0.5809,0
state-spaces_mamba-2.8b-hf,2,0.605,0
state-spaces_mamba-2.8b-hf,3,0.6128,0
state-spaces_mamba-2.8b-hf,4,0.6179,0
state-spaces_mamba-2.8b-hf,5,0.6239,0
state-spaces_mamba-2.8b-hf,6,0.6201,0
state-spaces_mamba-2.8b-hf,7,0.6205,0
state-spaces_mamba-2.8b-hf,8,0.6574,0
state-spaces_mamba-2.8b-hf,9,0.7024,0
state-spaces_mamba-2.8b-hf,10,0.6942,0
state-spaces_mamba-2.8b-hf,11,0.7256,0
state-spaces_mamba-2.8b-hf,12,0.7329,0
state-spaces_mamba-2.8b-hf,13,0.7366,0
state-spaces_mamba-2.8b-hf,14,0.7373,0
state-spaces_mamba-2.8b-hf,15,0.7472,0
state-spaces_mamba-2.8b-hf,16,0.7574,0
state-spaces_mamba-2.8b-hf,17,0.7708,0
state-spaces_mamba-2.8b-hf,18,0.7805,0
state-spaces_mamba-2.8b-hf,19,0.7919,0
state-spaces_mamba-2.8b-hf,20,0.8075,0
state-spaces_mamba-2.8b-hf,21,0.8298,0
state-spaces_mamba-2.8b-hf,22,0.8346,0
state-spaces_mamba-2.8b-hf,23,0.8444,0
state-spaces_mamba-2.8b-hf,24,0.8611,0
state-spaces_mamba-2.8b-hf,25,0.8656,0
state-spaces_mamba-2.8b-hf,26,0.8654,0
state-spaces_mamba-2.8b-hf,27,0.8536,0
state-spaces_mamba-2.8b-hf,28,0.8543,0
state-spaces_mamba-2.8b-hf,29,0.8483,0
state-spaces_mamba-2.8b-hf,30,0.8493,0
state-spaces_mamba-2.8b-hf,31,0.8507,0
state-spaces_mamba-2.8b-hf,32,0.8627,0
state-spaces_mamba-2.8b-hf,33,0.8642,0
state-spaces_mamba-2.8b-hf,34,0.8695,0
state-spaces_mamba-2.8b-hf,35,0.8711,0
state-spaces_mamba-2.8b-hf,36,0.8752,0
state-spaces_mamba-2.8b-hf,37,0.8707,0
state-spaces_mamba-2.8b-hf,38,0.873,0
state-spaces_mamba-2.8b-hf,39,0.8733,0
state-spaces_mamba-2.8b-hf,40,0.8721,0
state-spaces_mamba-2.8b-hf,41,0.871,0
state-spaces_mamba-2.8b-hf,42,0.8717,0
state-spaces_mamba-2.8b-hf,43,0.8788,0
state-spaces_mamba-2.8b-hf,44,0.8763,0
state-spaces_mamba-2.8b-hf,45,0.8795,0
state-spaces_mamba-2.8b-hf,46,0.8785,0
state-spaces_mamba-2.8b-hf,47,0.8826,0
state-spaces_mamba-2.8b-hf,48,0.8862,0
state-spaces_mamba-2.8b-hf,49,0.8919,0
state-spaces_mamba-2.8b-hf,50,0.8912,0
state-spaces_mamba-2.8b-hf,51,0.8948,0
state-spaces_mamba-2.8b-hf,52,0.8948,1
state-spaces_mamba-2.8b-hf,53,0.8935,0
state-spaces_mamba-2.8b-hf,54,0.8937,0
state-spaces_mamba-2.8b-hf,55,0.8929,0
state-spaces_mamba-2.8b-hf,56,0.8925,0
state-spaces_mamba-2.8b-hf,57,0.8912,0
state-spaces_mamba-2.8b-hf,58,0.8885,0
state-spaces_mamba-2.8b-hf,59,0.8877,0
state-spaces_mamba-2.8b-hf,60,0.8859,0
state-spaces_mamba-2.8b-hf,61,0.8824,0
state-spaces_mamba-2.8b-hf,62,0.878,0
state-spaces_mamba-2.8b-hf,63,0.8528,0
state-spaces_mamba-2.8b-hf,64,0.8224,0
unsloth_gemma-2-9b-bnb-4bit,0,0.6604,0
unsloth_gemma-2-9b-bnb-4bit,1,0.6473,0
unsloth_gemma-2-9b-bnb-4bit,2,0.6461,0
unsloth_gemma-2-9b-bnb-4bit,3,0.6699,0
unsloth_gemma-2-9b-bnb-4bit,4,0.6996,0
unsloth_gemma-2-9b-bnb-4bit,5,0.7204,0
unsloth_gemma-2-9b-bnb-4bit,6,0.7402,0
unsloth_gemma-2-9b-bnb-4bit,7,0.7964,0
unsloth_gemma-2-9b-bnb-4bit,8,0.8148,0
unsloth_gemma-2-9b-bnb-4bit,9,0.8402,0
unsloth_gemma-2-9b-bnb-4bit,10,0.8385,0
unsloth_gemma-2-9b-bnb-4bit,11,0.8502,0
unsloth_gemma-2-9b-bnb-4bit,12,0.869,0
unsloth_gemma-2-9b-bnb-4bit,13,0.8694,0
unsloth_gemma-2-9b-bnb-4bit,14,0.8737,0
unsloth_gemma-2-9b-bnb-4bit,15,0.8626,0
unsloth_gemma-2-9b-bnb-4bit,16,0.8689,0
unsloth_gemma-2-9b-bnb-4bit,17,0.8669,0
unsloth_gemma-2-9b-bnb-4bit,18,0.8623,0
unsloth_gemma-2-9b-bnb-4bit,19,0.8642,0
unsloth_gemma-2-9b-bnb-4bit,20,0.8638,0
unsloth_gemma-2-9b-bnb-4bit,21,0.8554,0
unsloth_gemma-2-9b-bnb-4bit,22,0.8566,0
unsloth_gemma-2-9b-bnb-4bit,23,0.8658,0
unsloth_gemma-2-9b-bnb-4bit,24,0.8739,0
unsloth_gemma-2-9b-bnb-4bit,25,0.8697,0
unsloth_gemma-2-9b-bnb-4bit,26,0.8723,0
unsloth_gemma-2-9b-bnb-4bit,27,0.8759,1
unsloth_gemma-2-9b-bnb-4bit,28,0.8705,0
unsloth_gemma-2-9b-bnb-4bit,29,0.8701,0
unsloth_gemma-2-9b-bnb-4bit,30,0.8746,0
unsloth_gemma-2-9b-bnb-4bit,31,0.8716,0
unsloth_gemma-2-9b-bnb-4bit,32,0.8713,0
unsloth_gemma-2-9b-bnb-4bit,33,0.8708,0
unsloth_gemma-2-9b-bnb-4bit,34,0.8705,0
unsloth_gemma-2-9b-bnb-4bit,35,0.865,0
unsloth_gemma-2-9b-bnb-4bit,36,0.8704,0
unsloth_gemma-2-9b-bnb-4bit,37,0.8717,0
unsloth_gemma-2-9b-bnb-4bit,38,0.8722,0
unsloth_gemma-2-9b-bnb-4bit,39,0.8728,0
unsloth_gemma-2-9b-bnb-4bit,40,0.8716,0
unsloth_gemma-2-9b-bnb-4bit,41,0.8688,0
unsloth_gemma-2-9b-bnb-4bit,42,0.845,0
