word,probe,side
euphoria,valence,pos
exultation,valence,pos
rapture,valence,pos
joviality,valence,pos
glee,valence,pos
merriment,valence,pos
optimism,valence,pos
blissfulness,valence,pos
gloom,valence,neg
desolation,valence,neg
disconsolateness,valence,neg
heartbreak,valence,neg
depression,valence,neg
misfortune,valence,neg
cheerlessness,valence,neg
moroseness,valence,neg
motivation,drive,pos
tenacity,drive,pos
urgency,drive,pos
compulsion,drive,pos
persistence,drive,pos
resolve,drive,pos
ambitiousness,drive,pos
determination,drive,pos
apathy,drive,neg
inertia,drive,neg
passivity,drive,neg
stasis,drive,neg
complacency,drive,neg
sluggishness,drive,neg
unconcern,drive,neg
indolence,drive,neg
stimulation,arousal,pos
perturbation,arousal,pos
turbulence,arousal,pos
hype,arousal,pos
ferment,arousal,pos
agitation,arousal,pos
frenzy,arousal,pos
restlessness,arousal,pos
lethargy,arousal,neg
torpor,arousal,neg
stupor,arousal,neg
somnolence,arousal,neg
inaction,arousal,neg
quiescence,arousal,neg
slumber,arousal,neg
stillness,arousal,neg
fury,intensity,pos
madness,intensity,pos
agony,intensity,pos
exhilaration,intensity,pos
obsession,intensity,pos
hysteria,intensity,pos
ferocity,intensity,pos
extremity,intensity,pos
mildness,intensity,neg
lukewarmness,intensity,neg
indifference,intensity,neg
lightness,intensity,neg
slightness,intensity,neg
neutrality,intensity,neg
restraint,intensity,neg
tameness,intensity,neg
incensed,heat,pos
burning,heat,pos
fever,heat,pos
boiling,heat,pos
inflammation,heat,pos
heated,heat,pos
searing,heat,pos
fervor,heat,pos
chill,heat,neg
iciness,heat,neg
frost,heat,neg
coldness,heat,neg
freezing,heat,neg
coolness,heat,neg
detachment,heat,neg
numbing,heat,neg
certainty,security_alarm,pos
sanctuary,security_alarm,pos
refuge,security_alarm,pos
steadiness,security_alarm,pos
reassurance,security_alarm,pos
invulnerability,security_alarm,pos
stability,security_alarm,pos
composure,security_alarm,pos
panic,security_alarm,neg
vulnerability,security_alarm,neg
peril,security_alarm,neg
disquiet,security_alarm,neg
instability,security_alarm,neg
fright,security_alarm,neg
terror,security_alarm,neg
apprehensiveness,security_alarm,neg
benevolence,ego_altruism,pos
selflessness,ego_altruism,pos
philanthropy,ego_altruism,pos
magnanimity,ego_altruism,pos
charity,ego_altruism,pos
goodwill,ego_altruism,pos
humaneness,ego_altruism,pos
altruism,ego_altruism,pos
narcissism,ego_altruism,neg
egocentrism,ego_altruism,neg
avarice,ego_altruism,neg
self-absorption,ego_altruism,neg
covetousness,ego_altruism,neg
egotism,ego_altruism,neg
selfishness,ego_altruism,neg
self-aggrandizement,ego_altruism,neg
authority,power,pos
mastery,power,pos
sovereignty,power,pos
potency,power,pos
command,power,pos
supremacy,power,pos
influence,power,pos
assertiveness,power,pos
powerlessness,power,neg
subjugation,power,neg
vulnerability,power,neg
defenselessness,power,neg
subservience,power,neg
fragility,power,neg
impotence,power,neg
defeatism,power,neg
heartbreak,body_feeling,pos
remorse,body_feeling,pos
yearning,body_feeling,pos
dismay,body_feeling,pos
melancholy,body_feeling,pos
anguish,body_feeling,pos
pining,body_feeling,pos
grief,body_feeling,pos
fatigue,body_feeling,neg
vertigo,body_feeling,neg
shiver,body_feeling,neg
soreness,body_feeling,neg
ache,body_feeling,neg
cramps,body_feeling,neg
feverishness,body_feeling,neg
queasiness,body_feeling,neg
acquisitiveness,desire_greed_social,pos
avarice,desire_greed_social,pos
resentment,desire_greed_social,pos
rapacity,desire_greed_social,pos
selfishness,desire_greed_social,pos
possessiveness,desire_greed_social,pos
materialism,desire_greed_social,pos
spite,desire_greed_social,pos
kinship,desire_greed_social,neg
warmth,desire_greed_social,neg
unity,desire_greed_social,neg
solidarity,desire_greed_social,neg
fellowship,desire_greed_social,neg
companionship,desire_greed_social,neg
harmony,desire_greed_social,neg
benevolence,desire_greed_social,neg
reclusiveness,social_inner_outer,pos
solitude,social_inner_outer,pos
isolation,social_inner_outer,pos
seclusion,social_inner_outer,pos
introversion,social_inner_outer,pos
withdrawal,social_inner_outer,pos
estrangement,social_inner_outer,pos
alienation,social_inner_outer,pos
togetherness,social_inner_outer,neg
communion,social_inner_outer,neg
solidarity,social_inner_outer,neg
connection,social_inner_outer,neg
integration,social_inner_outer,neg
inclusion,social_inner_outer,neg
camaraderie,social_inner_outer,neg
fellowship,social_inner_outer,neg
individualism,social_person_group,pos
self-sufficiency,social_person_group,pos
egotism,social_person_group,pos
isolationism,social_person_group,pos
uniqueness,social_person_group,pos
self-reliance,social_person_group,pos
vanity,social_person_group,pos
solitariness,social_person_group,pos
community,social_person_group,neg
solidarity,social_person_group,neg
collectivism,social_person_group,neg
togetherness,social_person_group,neg
oneness,social_person_group,neg
allegiance,social_person_group,neg
fellowship,social_person_group,neg
cohesion,social_person_group,neg
soreness,body_mind,pos
tension,body_mind,pos
pain,body_mind,pos
ache,body_mind,pos
exhaustion,body_mind,pos
dizziness,body_mind,pos
nausea,body_mind,pos
stiffness,body_mind,pos
contemplation,body_mind,neg
deliberation,body_mind,neg
reflection,body_mind,neg
pondering,body_mind,neg
rumination,body_mind,neg
analysis,body_mind,neg
meditation,body_mind,neg
cogitation,body_mind,neg
inactivity,passive_active,pos
rest,passive_active,pos
stillness,passive_active,pos
indolence,passive_active,pos
inertness,passive_active,pos
quietude,passive_active,pos
sleepiness,passive_active,pos
stagnation,passive_active,pos
vigor,passive_active,neg
vitality,passive_active,neg
dynamism,passive_active,neg
eagerness,passive_active,neg
enterprise,passive_active,neg
animatedness,passive_active,neg
activity,passive_active,neg
drive,passive_active,neg
hostility,antagonism_peace,pos
belligerence,antagonism_peace,pos
malice,antagonism_peace,pos
spite,antagonism_peace,pos
conflict,antagonism_peace,pos
defiance,antagonism_peace,pos
pugnacity,antagonism_peace,pos
malevolence,antagonism_peace,pos
harmony,antagonism_peace,neg
concord,antagonism_peace,neg
friendliness,antagonism_peace,neg
amity,antagonism_peace,neg
goodwill,antagonism_peace,neg
peacefulness,antagonism_peace,neg
sympathy,antagonism_peace,neg
benevolence,antagonism_peace,neg
fear,emotion_simple_complex,pos
anger,emotion_simple_complex,pos
joy,emotion_simple_complex,pos
disgust,emotion_simple_complex,pos
sadness,emotion_simple_complex,pos
shock,emotion_simple_complex,pos
surprise,emotion_simple_complex,pos
terror,emotion_simple_complex,pos
shame,emotion_simple_complex,neg
guilt,emotion_simple_complex,neg
remorse,emotion_simple_complex,neg
pride,emotion_simple_complex,neg
envy,emotion_simple_complex,neg
nostalgia,emotion_simple_complex,neg
regret,emotion_simple_complex,neg
embarrassment,emotion_simple_complex,neg
ache,emotion_simple_abstract,pos
chill,emotion_simple_abstract,pos
itch,emotion_simple_abstract,pos
heat,emotion_simple_abstract,pos
discomfort,emotion_simple_abstract,pos
tiredness,emotion_simple_abstract,pos
prickle,emotion_simple_abstract,pos
shiver,emotion_simple_abstract,pos
alienation,emotion_simple_abstract,neg
emptiness,emotion_simple_abstract,neg
transcendence,emotion_simple_abstract,neg
angst,emotion_simple_abstract,neg
melancholy,emotion_simple_abstract,neg
desolation,emotion_simple_abstract,neg
forlornness,emotion_simple_abstract,neg
penitence,emotion_simple_abstract,neg